{
  "composite_score": 110.85534708080762,
  "mean_par": 1.7217740733805464,
  "score": 110.85534708080762,
  "total_time_seconds": 2634.8282833683124,
  "transmission_time_seconds": 52.167173297493335,
  "transmit_amount": 533041.0
}