{
  "composite_score": 110.36617977958583,
  "mean_par": 1.7295090321841011,
  "score": 110.36617977958583,
  "total_time_seconds": 2650.2588907964714,
  "transmission_time_seconds": 55.99534252032,
  "transmit_amount": 572157.0
}