{
  "composite_score": 110.90977037356225,
  "mean_par": 1.7198194303741345,
  "score": 110.90977037356225,
  "total_time_seconds": 2631.0048475055214,
  "transmission_time_seconds": 51.275701944320005,
  "transmit_amount": 523932.0
}