{
  "composite_score": 100.13665108870809,
  "mean_par": 1.902330539752528,
  "score": 100.13665108870809,
  "total_time_seconds": 2967.1656003897524,
  "transmission_time_seconds": 113.66979076095998,
  "transmit_amount": 1161471.0
}