{
  "composite_score": 109.25016273296679,
  "mean_par": 1.718083983865721,
  "score": 109.25016273296679,
  "total_time_seconds": 2678.457564235914,
  "transmission_time_seconds": 101.33158843733332,
  "transmit_amount": 1035400.0
}