{
  "composite_score": 99.89617041765524,
  "mean_par": 1.9063219887723328,
  "score": 99.89617041765524,
  "total_time_seconds": 2973.4141769257526,
  "transmission_time_seconds": 113.93119376725333,
  "transmit_amount": 1164142.0
}