{
  "composite_score": 110.92924795326923,
  "mean_par": 1.719440408476879,
  "score": 110.92924795326923,
  "total_time_seconds": 2630.0538500588914,
  "transmission_time_seconds": 50.89323734357333,
  "transmit_amount": 520024.0
}