{
  "submission_alias": "submission_v14",
  "max_iters": null,
  "cv_collection_interval": 128,
  "per_case": [
    {
      "case": [
        "LmSys",
        "DS-R1",
        32
      ],
      "iters": 6144,
      "deepseek": {
        "method": "deepseek",
        "mean_par": 1.2577895887260853,
        "total_transmit": 82489,
        "transmission_time_seconds": 8.072958661973333,
        "total_time_seconds": 83.54033398553845,
        "wall_runtime_seconds": 6.5957932472229,
        "algo_calls": 5,
        "algo_max_s": 0.6466150283813477,
        "algo_mean_s": 0.6016567707061767
      },
      "submission": {
        "method": "submission",
        "mean_par": 1.2039905408910816,
        "total_transmit": 17012,
        "transmission_time_seconds": 1.6649149917866666,
        "total_time_seconds": 73.90434744525157,
        "wall_runtime_seconds": 4.422891139984131,
        "algo_calls": 9,
        "algo_max_s": 0.08196377754211426,
        "algo_mean_s": 0.07703026135762532
      },
      "opt_cv_ds": {
        "method": "opt_cv",
        "mean_par": 1.1062797374132094,
        "total_transmit": 531964,
        "transmission_time_seconds": 52.06177043797334,
        "total_time_seconds": 118.4385546827659,
        "rebalance_calls": 33
      },
      "opt_cv_sub": {
        "method": "opt_cv_sub",
        "mean_par": 1.2065728807629919,
        "total_transmit": 13072,
        "transmission_time_seconds": 1.2793186440533333,
        "total_time_seconds": 73.67369148983285,
        "rebalance_calls": 4
      },
      "opt_lb": {
        "method": "opt_lb",
        "mean_par": 1.0106314806050258,
        "total_transmit": 0,
        "transmission_time_seconds": 0.0,
        "total_time_seconds": 60.63788883630155
      }
    },
    {
      "case": [
        "LmSys",
        "DS-R1",
        64
      ],
      "iters": 6144,
      "deepseek": {
        "method": "deepseek",
        "mean_par": 1.4250223131844695,
        "total_transmit": 91892,
        "transmission_time_seconds": 8.993202940586666,
        "total_time_seconds": 94.49454173165483,
        "wall_runtime_seconds": 9.048853874206543,
        "algo_calls": 5,
        "algo_max_s": 1.0831520557403564,
        "algo_mean_s": 1.0378150463104248
      },
      "submission": {
        "method": "submission",
        "mean_par": 1.3533114762453937,
        "total_transmit": 14743,
        "transmission_time_seconds": 1.4428545570133333,
        "total_time_seconds": 82.64154313173695,
        "wall_runtime_seconds": 3.963052988052368,
        "algo_calls": 2,
        "algo_max_s": 0.10767292976379395,
        "algo_mean_s": 0.10296785831451416
      },
      "opt_cv_ds": {
        "method": "opt_cv",
        "mean_par": 1.1758235874749297,
        "total_transmit": 593905,
        "transmission_time_seconds": 58.12375606613333,
        "total_time_seconds": 128.67317131462912,
        "rebalance_calls": 33
      },
      "opt_cv_sub": {
        "method": "opt_cv_sub",
        "mean_par": 1.3175503375321584,
        "total_transmit": 14815,
        "transmission_time_seconds": 1.4499009877333333,
        "total_time_seconds": 80.50292123966284,
        "rebalance_calls": 2
      },
      "opt_lb": {
        "method": "opt_lb",
        "mean_par": 1.0320294067472933,
        "total_transmit": 0,
        "transmission_time_seconds": 0.0,
        "total_time_seconds": 61.921764404837596
      }
    },
    {
      "case": [
        "LmSys",
        "DS-R1",
        128
      ],
      "iters": 6144,
      "deepseek": {
        "method": "deepseek",
        "mean_par": 1.6915687220595512,
        "total_transmit": 110046,
        "transmission_time_seconds": 10.76988215296,
        "total_time_seconds": 112.26400547653307,
        "wall_runtime_seconds": 14.133527994155884,
        "algo_calls": 5,
        "algo_max_s": 2.0428099632263184,
        "algo_mean_s": 2.0121016979217528
      },
      "submission": {
        "method": "submission",
        "mean_par": 1.5434952372634718,
        "total_transmit": 16153,
        "transmission_time_seconds": 1.5808471586133332,
        "total_time_seconds": 94.19056139442165,
        "wall_runtime_seconds": 4.45370888710022,
        "algo_calls": 2,
        "algo_max_s": 0.1837601661682129,
        "algo_mean_s": 0.17821967601776123
      },
      "opt_cv_ds": {
        "method": "opt_cv",
        "mean_par": 1.264173813203688,
        "total_transmit": 712115,
        "transmission_time_seconds": 69.69262516906667,
        "total_time_seconds": 145.54305396128797,
        "rebalance_calls": 33
      },
      "opt_cv_sub": {
        "method": "opt_cv_sub",
        "mean_par": 1.4736034408429912,
        "total_transmit": 16113,
        "transmission_time_seconds": 1.57693247488,
        "total_time_seconds": 89.99313892545946,
        "rebalance_calls": 2
      },
      "opt_lb": {
        "method": "opt_lb",
        "mean_par": 1.0352397902758141,
        "total_transmit": 0,
        "transmission_time_seconds": 0.0,
        "total_time_seconds": 62.11438741654885
      }
    },
    {
      "case": [
        "LmSys",
        "DS-R1",
        256
      ],
      "iters": 6144,
      "deepseek": {
        "method": "deepseek",
        "mean_par": 2.1199320704731286,
        "total_transmit": 146768,
        "transmission_time_seconds": 14.363757554346666,
        "total_time_seconds": 141.55968178273437,
        "wall_runtime_seconds": 24.0571231842041,
        "algo_calls": 5,
        "algo_max_s": 3.8968048095703125,
        "algo_mean_s": 3.880531406402588
      },
      "submission": {
        "method": "submission",
        "mean_par": 1.7698637101559662,
        "total_transmit": 18906,
        "transmission_time_seconds": 1.85027526656,
        "total_time_seconds": 108.04209787591797,
        "wall_runtime_seconds": 5.428668737411499,
        "algo_calls": 2,
        "algo_max_s": 0.37937474250793457,
        "algo_mean_s": 0.37885594367980957
      },
      "opt_cv_ds": {
        "method": "opt_cv",
        "mean_par": 1.3822172696995316,
        "total_transmit": 949649,
        "transmission_time_seconds": 92.93938731690666,
        "total_time_seconds": 175.87242349887856,
        "rebalance_calls": 33
      },
      "opt_cv_sub": {
        "method": "opt_cv_sub",
        "mean_par": 1.6656563992804607,
        "total_transmit": 18850,
        "transmission_time_seconds": 1.8447947093333332,
        "total_time_seconds": 101.78417866616097,
        "rebalance_calls": 2
      },
      "opt_lb": {
        "method": "opt_lb",
        "mean_par": 1.0247871261072679,
        "total_transmit": 0,
        "transmission_time_seconds": 0.0,
        "total_time_seconds": 61.48722756643607
      }
    },
    {
      "case": [
        "LmSys",
        "Qwen3",
        32
      ],
      "iters": 5120,
      "deepseek": {
        "method": "deepseek",
        "mean_par": 1.2885289362265995,
        "total_transmit": 57792,
        "transmission_time_seconds": 5.65593505792,
        "total_time_seconds": 82.96767123151598,
        "wall_runtime_seconds": 6.5583600997924805,
        "algo_calls": 4,
        "algo_max_s": 0.4976820945739746,
        "algo_mean_s": 0.48857027292251587
      },
      "submission": {
        "method": "submission",
        "mean_par": 1.1880465533177857,
        "total_transmit": 11582,
        "transmission_time_seconds": 1.1334966749866666,
        "total_time_seconds": 72.4162898740538,
        "wall_runtime_seconds": 4.632905960083008,
        "algo_calls": 2,
        "algo_max_s": 0.07910990715026855,
        "algo_mean_s": 0.07802033424377441
      },
      "opt_cv_ds": {
        "method": "opt_cv",
        "mean_par": 1.1186486306912204,
        "total_transmit": 315415,
        "transmission_time_seconds": 30.868749243733333,
        "total_time_seconds": 97.98766708520657,
        "rebalance_calls": 23
      },
      "opt_cv_sub": {
        "method": "opt_cv_sub",
        "mean_par": 1.1461532233049279,