{
  "composite_score": 110.9680879910821,
  "mean_par": 1.7183606826732112,
  "score": 110.9680879910821,
  "total_time_seconds": 2629.5658985536033,
  "transmission_time_seconds": 52.02487454378667,
  "transmit_amount": 531587.0
}